date_key,date_value,year,month,day,week,quarter
2024-01-01,2024-01-01 00:00:00,2024,1,1,1,1
2024-01-02,2024-01-02 00:00:00,2024,1,2,1,1
2024-01-03,2024-01-03 00:00:00,2024,1,3,1,1
2024-01-04,2024-01-04 00:00:00,2024,1,4,1,1
2024-01-05,2024-01-05 00:00:00,2024,1,5,1,1
2024-01-06,2024-01-06 00:00:00,2024,1,6,1,1
2024-01-07,2024-01-07 00:00:00,2024,1,7,1,1
2024-01-08,2024-01-08 00:00:00,2024,1,8,2,1
2024-01-09,2024-01-09 00:00:00,2024,1,9,2,1
2024-01-10,2024-01-10 00:00:00,2024,1,10,2,1
2024-01-11,2024-01-11 00:00:00,2024,1,11,2,1
2024-01-12,2024-01-12 00:00:00,2024,1,12,2,1
2024-01-13,2024-01-13 00:00:00,2024,1,13,2,1
2024-01-14,2024-01-14 00:00:00,2024,1,14,2,1
2024-01-15,2024-01-15 00:00:00,2024,1,15,3,1
2024-01-16,2024-01-16 00:00:00,2024,1,16,3,1
2024-01-17,2024-01-17 00:00:00,2024,1,17,3,1
2024-01-18,2024-01-18 00:00:00,2024,1,18,3,1
2024-01-19,2024-01-19 00:00:00,2024,1,19,3,1
2024-01-20,2024-01-20 00:00:00,2024,1,20,3,1
2024-01-21,2024-01-21 00:00:00,2024,1,21,3,1
2024-01-22,2024-01-22 00:00:00,2024,1,22,4,1
2024-01-23,2024-01-23 00:00:00,2024,1,23,4,1
2024-01-24,2024-01-24 00:00:00,2024,1,24,4,1
2024-01-25,2024-01-25 00:00:00,2024,1,25,4,1
2024-01-26,2024-01-26 00:00:00,2024,1,26,4,1
2024-01-27,2024-01-27 00:00:00,2024,1,27,4,1
2024-01-28,2024-01-28 00:00:00,2024,1,28,4,1
2024-01-29,2024-01-29 00:00:00,2024,1,29,5,1
2024-01-30,2024-01-30 00:00:00,2024,1,30,5,1
2024-01-31,2024-01-31 00:00:00,2024,1,31,5,1
2024-02-01,2024-02-01 00:00:00,2024,2,1,5,1
2024-02-02,2024-02-02 00:00:00,2024,2,2,5,1
2024-02-03,2024-02-03 00:00:00,2024,2,3,5,1
2024-02-04,2024-02-04 00:00:00,2024,2,4,5,1
2024-02-05,2024-02-05 00:00:00,2024,2,5,6,1
2024-02-06,2024-02-06 00:00:00,2024,2,6,6,1
2024-02-07,2024-02-07 00:00:00,2024,2,7,6,1
2024-02-08,2024-02-08 00:00:00,2024,2,8,6,1
2024-02-09,2024-02-09 00:00:00,2024,2,9,6,1
2024-02-10,2024-02-10 00:00:00,2024,2,10,6,1
2024-02-11,2024-02-11 00:00:00,2024,2,11,6,1
2024-02-12,2024-02-12 00:00:00,2024,2,12,7,1
2024-02-13,2024-02-13 00:00:00,2024,2,13,7,1
2024-02-14,2024-02-14 00:00:00,2024,2,14,7,1
2024-02-15,2024-02-15 00:00:00,2024,2,15,7,1
2024-02-16,2024-02-16 00:00:00,2024,2,16,7,1
2024-02-17,2024-02-17 00:00:00,2024,2,17,7,1
2024-02-18,2024-02-18 00:00:00,2024,2,18,7,1
2024-02-19,2024-02-19 00:00:00,2024,2,19,8,1
2024-02-20,2024-02-20 00:00:00,2024,2,20,8,1
2024-02-21,2024-02-21 00:00:00,2024,2,21,8,1
2024-02-22,2024-02-22 00:00:00,2024,2,22,8,1
2024-02-23,2024-02-23 00:00:00,2024,2,23,8,1
2024-02-24,2024-02-24 00:00:00,2024,2,24,8,1
2024-02-25,2024-02-25 00:00:00,2024,2,25,8,1
2024-02-26,2024-02-26 00:00:00,2024,2,26,9,1
2024-02-27,2024-02-27 00:00:00,2024,2,27,9,1
2024-02-28,2024-02-28 00:00:00,2024,2,28,9,1
2024-02-29,2024-02-29 00:00:00,2024,2,29,9,1
2024-03-01,2024-03-01 00:00:00,2024,3,1,9,1
2024-03-02,2024-03-02 00:00:00,2024,3,2,9,1
2024-03-03,2024-03-03 00:00:00,2024,3,3,9,1
2024-03-04,2024-03-04 00:00:00,2024,3,4,10,1
2024-03-05,2024-03-05 00:00:00,2024,3,5,10,1
2024-03-06,2024-03-06 00:00:00,2024,3,6,10,1
2024-03-07,2024-03-07 00:00:00,2024,3,7,10,1
2024-03-08,2024-03-08 00:00:00,2024,3,8,10,1
2024-03-09,2024-03-09 00:00:00,2024,3,9,10,1
2024-03-10,2024-03-10 00:00:00,2024,3,10,10,1
2024-03-11,2024-03-11 00:00:00,2024,3,11,11,1
2024-03-12,2024-03-12 00:00:00,2024,3,12,11,1
2024-03-13,2024-03-13 00:00:00,2024,3,13,11,1
2024-03-14,2024-03-14 00:00:00,2024,3,14,11,1
2024-03-15,2024-03-15 00:00:00,2024,3,15,11,1
2024-03-16,2024-03-16 00:00:00,2024,3,16,11,1
2024-03-17,2024-03-17 00:00:00,2024,3,17,11,1
2024-03-18,2024-03-18 00:00:00,2024,3,18,12,1
2024-03-19,2024-03-19 00:00:00,2024,3,19,12,1
2024-03-20,2024-03-20 00:00:00,2024,3,20,12,1
2024-03-21,2024-03-21 00:00:00,2024,3,21,12,1
2024-03-22,2024-03-22 00:00:00,2024,3,22,12,1
2024-03-23,2024-03-23 00:00:00,2024,3,23,12,1
2024-03-24,2024-03-24 00:00:00,2024,3,24,12,1
2024-03-25,2024-03-25 00:00:00,2024,3,25,13,1
2024-03-26,2024-03-26 00:00:00,2024,3,26,13,1
2024-03-27,2024-03-27 00:00:00,2024,3,27,13,1
2024-03-28,2024-03-28 00:00:00,2024,3,28,13,1
2024-03-29,2024-03-29 00:00:00,2024,3,29,13,1
2024-03-30,2024-03-30 00:00:00,2024,3,30,13,1
2024-03-31,2024-03-31 00:00:00,2024,3,31,13,1
2024-04-01,2024-04-01 00:00:00,2024,4,1,14,2
2024-04-02,2024-04-02 00:00:00,2024,4,2,14,2
2024-04-03,2024-04-03 00:00:00,2024,4,3,14,2
2024-04-04,2024-04-04 00:00:00,2024,4,4,14,2
2024-04-05,2024-04-05 00:00:00,2024,4,5,14,2
2024-04-06,2024-04-06 00:00:00,2024,4,6,14,2
2024-04-07,2024-04-07 00:00:00,2024,4,7,14,2
2024-04-08,2024-04-08 00:00:00,2024,4,8,15,2
2024-04-09,2024-04-09 00:00:00,2024,4,9,15,2
2024-04-10,2024-04-10 00:00:00,2024,4,10,15,2
2024-04-11,2024-04-11 00:00:00,2024,4,11,15,2
2024-04-12,2024-04-12 00:00:00,2024,4,12,15,2
2024-04-13,2024-04-13 00:00:00,2024,4,13,15,2
2024-04-14,2024-04-14 00:00:00,2024,4,14,15,2
2024-04-15,2024-04-15 00:00:00,2024,4,15,16,2
2024-04-16,2024-04-16 00:00:00,2024,4,16,16,2
2024-04-17,2024-04-17 00:00:00,2024,4,17,16,2
2024-04-18,2024-04-18 00:00:00,2024,4,18,16,2
2024-04-19,2024-04-19 00:00:00,2024,4,19,16,2
2024-04-20,2024-04-20 00:00:00,2024,4,20,16,2
2024-04-21,2024-04-21 00:00:00,2024,4,21,16,2
2024-04-22,2024-04-22 00:00:00,2024,4,22,17,2
2024-04-23,2024-04-23 00:00:00,2024,4,23,17,2
2024-04-24,2024-04-24 00:00:00,2024,4,24,17,2
2024-04-25,2024-04-25 00:00:00,2024,4,25,17,2
2024-04-26,2024-04-26 00:00:00,2024,4,26,17,2
2024-04-27,2024-04-27 00:00:00,2024,4,27,17,2
2024-04-28,2024-04-28 00:00:00,2024,4,28,17,2
2024-04-29,2024-04-29 00:00:00,2024,4,29,18,2
2024-04-30,2024-04-30 00:00:00,2024,4,30,18,2
2024-05-01,2024-05-01 00:00:00,2024,5,1,18,2
2024-05-02,2024-05-02 00:00:00,2024,5,2,18,2
2024-05-03,2024-05-03 00:00:00,2024,5,3,18,2
2024-05-04,2024-05-04 00:00:00,2024,5,4,18,2
2024-05-05,2024-05-05 00:00:00,2024,5,5,18,2
2024-05-06,2024-05-06 00:00:00,2024,5,6,19,2
2024-05-07,2024-05-07 00:00:00,2024,5,7,19,2
2024-05-08,2024-05-08 00:00:00,2024,5,8,19,2
2024-05-09,2024-05-09 00:00:00,2024,5,9,19,2
2024-05-10,2024-05-10 00:00:00,2024,5,10,19,2
2024-05-11,2024-05-11 00:00:00,2024,5,11,19,2
2024-05-12,2024-05-12 00:00:00,2024,5,12,19,2
2024-05-13,2024-05-13 00:00:00,2024,5,13,20,2
2024-05-14,2024-05-14 00:00:00,2024,5,14,20,2
2024-05-15,2024-05-15 00:00:00,2024,5,15,20,2
2024-05-16,2024-05-16 00:00:00,2024,5,16,20,2
2024-05-17,2024-05-17 00:00:00,2024,5,17,20,2
2024-05-18,2024-05-18 00:00:00,2024,5,18,20,2
2024-05-19,2024-05-19 00:00:00,2024,5,19,20,2
2024-05-20,2024-05-20 00:00:00,2024,5,20,21,2
2024-05-21,2024-05-21 00:00:00,2024,5,21,21,2
2024-05-22,2024-05-22 00:00:00,2024,5,22,21,2
2024-05-23,2024-05-23 00:00:00,2024,5,23,21,2
2024-05-24,2024-05-24 00:00:00,2024,5,24,21,2
2024-05-25,2024-05-25 00:00:00,2024,5,25,21,2
2024-05-26,2024-05-26 00:00:00,2024,5,26,21,2
2024-05-27,2024-05-27 00:00:00,2024,5,27,22,2
2024-05-28,2024-05-28 00:00:00,2024,5,28,22,2
2024-05-29,2024-05-29 00:00:00,2024,5,29,22,2
2024-05-30,2024-05-30 00:00:00,2024,5,30,22,2
2024-05-31,2024-05-31 00:00:00,2024,5,31,22,2
2024-06-01,2024-06-01 00:00:00,2024,6,1,22,2
2024-06-02,2024-06-02 00:00:00,2024,6,2,22,2
2024-06-03,2024-06-03 00:00:00,2024,6,3,23,2
2024-06-04,2024-06-04 00:00:00,2024,6,4,23,2
2024-06-05,2024-06-05 00:00:00,2024,6,5,23,2
2024-06-06,2024-06-06 00:00:00,2024,6,6,23,2
2024-06-07,2024-06-07 00:00:00,2024,6,7,23,2
2024-06-08,2024-06-08 00:00:00,2024,6,8,23,2
2024-06-09,2024-06-09 00:00:00,2024,6,9,23,2
2024-06-10,2024-06-10 00:00:00,2024,6,10,24,2
2024-06-11,2024-06-11 00:00:00,2024,6,11,24,2
2024-06-12,2024-06-12 00:00:00,2024,6,12,24,2
2024-06-13,2024-06-13 00:00:00,2024,6,13,24,2
2024-06-14,2024-06-14 00:00:00,2024,6,14,24,2
2024-06-15,2024-06-15 00:00:00,2024,6,15,24,2
2024-06-16,2024-06-16 00:00:00,2024,6,16,24,2
2024-06-17,2024-06-17 00:00:00,2024,6,17,25,2
2024-06-18,2024-06-18 00:00:00,2024,6,18,25,2
2024-06-19,2024-06-19 00:00:00,2024,6,19,25,2
2024-06-20,2024-06-20 00:00:00,2024,6,20,25,2
2024-06-21,2024-06-21 00:00:00,2024,6,21,25,2
2024-06-22,2024-06-22 00:00:00,2024,6,22,25,2
2024-06-23,2024-06-23 00:00:00,2024,6,23,25,2
2024-06-24,2024-06-24 00:00:00,2024,6,24,26,2
2024-06-25,2024-06-25 00:00:00,2024,6,25,26,2
2024-06-26,2024-06-26 00:00:00,2024,6,26,26,2
2024-06-27,2024-06-27 00:00:00,2024,6,27,26,2
2024-06-28,2024-06-28 00:00:00,2024,6,28,26,2
2024-06-29,2024-06-29 00:00:00,2024,6,29,26,2
2024-06-30,2024-06-30 00:00:00,2024,6,30,26,2
2024-07-01,2024-07-01 00:00:00,2024,7,1,27,3
2024-07-02,2024-07-02 00:00:00,2024,7,2,27,3
2024-07-03,2024-07-03 00:00:00,2024,7,3,27,3
2024-07-04,2024-07-04 00:00:00,2024,7,4,27,3
2024-07-05,2024-07-05 00:00:00,2024,7,5,27,3
2024-07-06,2024-07-06 00:00:00,2024,7,6,27,3
2024-07-07,2024-07-07 00:00:00,2024,7,7,27,3
2024-07-08,2024-07-08 00:00:00,2024,7,8,28,3
2024-07-09,2024-07-09 00:00:00,2024,7,9,28,3
2024-07-10,2024-07-10 00:00:00,2024,7,10,28,3
2024-07-11,2024-07-11 00:00:00,2024,7,11,28,3
2024-07-12,2024-07-12 00:00:00,2024,7,12,28,3
2024-07-13,2024-07-13 00:00:00,2024,7,13,28,3
2024-07-14,2024-07-14 00:00:00,2024,7,14,28,3
2024-07-15,2024-07-15 00:00:00,2024,7,15,29,3
2024-07-16,2024-07-16 00:00:00,2024,7,16,29,3
2024-07-17,2024-07-17 00:00:00,2024,7,17,29,3
2024-07-18,2024-07-18 00:00:00,2024,7,18,29,3
2024-07-19,2024-07-19 00:00:00,2024,7,19,29,3
2024-07-20,2024-07-20 00:00:00,2024,7,20,29,3
2024-07-21,2024-07-21 00:00:00,2024,7,21,29,3
2024-07-22,2024-07-22 00:00:00,2024,7,22,30,3
2024-07-23,2024-07-23 00:00:00,2024,7,23,30,3
2024-07-24,2024-07-24 00:00:00,2024,7,24,30,3
2024-07-25,2024-07-25 00:00:00,2024,7,25,30,3
2024-07-26,2024-07-26 00:00:00,2024,7,26,30,3
2024-07-27,2024-07-27 00:00:00,2024,7,27,30,3
2024-07-28,2024-07-28 00:00:00,2024,7,28,30,3
2024-07-29,2024-07-29 00:00:00,2024,7,29,31,3
2024-07-30,2024-07-30 00:00:00,2024,7,30,31,3
2024-07-31,2024-07-31 00:00:00,2024,7,31,31,3
2024-08-01,2024-08-01 00:00:00,2024,8,1,31,3
2024-08-02,2024-08-02 00:00:00,2024,8,2,31,3
2024-08-03,2024-08-03 00:00:00,2024,8,3,31,3
2024-08-04,2024-08-04 00:00:00,2024,8,4,31,3
2024-08-05,2024-08-05 00:00:00,2024,8,5,32,3
2024-08-06,2024-08-06 00:00:00,2024,8,6,32,3
2024-08-07,2024-08-07 00:00:00,2024,8,7,32,3
2024-08-08,2024-08-08 00:00:00,2024,8,8,32,3
2024-08-09,2024-08-09 00:00:00,2024,8,9,32,3
2024-08-10,2024-08-10 00:00:00,2024,8,10,32,3
2024-08-11,2024-08-11 00:00:00,2024,8,11,32,3
2024-08-12,2024-08-12 00:00:00,2024,8,12,33,3
2024-08-13,2024-08-13 00:00:00,2024,8,13,33,3
2024-08-14,2024-08-14 00:00:00,2024,8,14,33,3
2024-08-15,2024-08-15 00:00:00,2024,8,15,33,3
2024-08-16,2024-08-16 00:00:00,2024,8,16,33,3
2024-08-17,2024-08-17 00:00:00,2024,8,17,33,3
2024-08-18,2024-08-18 00:00:00,2024,8,18,33,3
2024-08-19,2024-08-19 00:00:00,2024,8,19,34,3
2024-08-20,2024-08-20 00:00:00,2024,8,20,34,3
2024-08-21,2024-08-21 00:00:00,2024,8,21,34,3
2024-08-22,2024-08-22 00:00:00,2024,8,22,34,3
2024-08-23,2024-08-23 00:00:00,2024,8,23,34,3
2024-08-24,2024-08-24 00:00:00,2024,8,24,34,3
2024-08-25,2024-08-25 00:00:00,2024,8,25,34,3
2024-08-26,2024-08-26 00:00:00,2024,8,26,35,3
2024-08-27,2024-08-27 00:00:00,2024,8,27,35,3
2024-08-28,2024-08-28 00:00:00,2024,8,28,35,3
2024-08-29,2024-08-29 00:00:00,2024,8,29,35,3
2024-08-30,2024-08-30 00:00:00,2024,8,30,35,3
2024-08-31,2024-08-31 00:00:00,2024,8,31,35,3
2024-09-01,2024-09-01 00:00:00,2024,9,1,35,3
2024-09-02,2024-09-02 00:00:00,2024,9,2,36,3
2024-09-03,2024-09-03 00:00:00,2024,9,3,36,3
2024-09-04,2024-09-04 00:00:00,2024,9,4,36,3
2024-09-05,2024-09-05 00:00:00,2024,9,5,36,3
2024-09-06,2024-09-06 00:00:00,2024,9,6,36,3
2024-09-07,2024-09-07 00:00:00,2024,9,7,36,3
2024-09-08,2024-09-08 00:00:00,2024,9,8,36,3
2024-09-09,2024-09-09 00:00:00,2024,9,9,37,3
2024-09-10,2024-09-10 00:00:00,2024,9,10,37,3
2024-09-11,2024-09-11 00:00:00,2024,9,11,37,3
2024-09-12,2024-09-12 00:00:00,2024,9,12,37,3
2024-09-13,2024-09-13 00:00:00,2024,9,13,37,3
2024-09-14,2024-09-14 00:00:00,2024,9,14,37,3
2024-09-15,2024-09-15 00:00:00,2024,9,15,37,3
2024-09-16,2024-09-16 00:00:00,2024,9,16,38,3
2024-09-17,2024-09-17 00:00:00,2024,9,17,38,3
2024-09-18,2024-09-18 00:00:00,2024,9,18,38,3
2024-09-19,2024-09-19 00:00:00,2024,9,19,38,3
2024-09-20,2024-09-20 00:00:00,2024,9,20,38,3
2024-09-21,2024-09-21 00:00:00,2024,9,21,38,3
2024-09-22,2024-09-22 00:00:00,2024,9,22,38,3
2024-09-23,2024-09-23 00:00:00,2024,9,23,39,3
2024-09-24,2024-09-24 00:00:00,2024,9,24,39,3
2024-09-25,2024-09-25 00:00:00,2024,9,25,39,3
2024-09-26,2024-09-26 00:00:00,2024,9,26,39,3
2024-09-27,2024-09-27 00:00:00,2024,9,27,39,3
2024-09-28,2024-09-28 00:00:00,2024,9,28,39,3
2024-09-29,2024-09-29 00:00:00,2024,9,29,39,3
2024-09-30,2024-09-30 00:00:00,2024,9,30,40,3
2024-10-01,2024-10-01 00:00:00,2024,10,1,40,4
2024-10-02,2024-10-02 00:00:00,2024,10,2,40,4
2024-10-03,2024-10-03 00:00:00,2024,10,3,40,4
2024-10-04,2024-10-04 00:00:00,2024,10,4,40,4
2024-10-05,2024-10-05 00:00:00,2024,10,5,40,4
2024-10-06,2024-10-06 00:00:00,2024,10,6,40,4
2024-10-07,2024-10-07 00:00:00,2024,10,7,41,4
2024-10-08,2024-10-08 00:00:00,2024,10,8,41,4
2024-10-09,2024-10-09 00:00:00,2024,10,9,41,4
2024-10-10,2024-10-10 00:00:00,2024,10,10,41,4
2024-10-11,2024-10-11 00:00:00,2024,10,11,41,4
2024-10-12,2024-10-12 00:00:00,2024,10,12,41,4
2024-10-13,2024-10-13 00:00:00,2024,10,13,41,4
2024-10-14,2024-10-14 00:00:00,2024,10,14,42,4
2024-10-15,2024-10-15 00:00:00,2024,10,15,42,4
2024-10-16,2024-10-16 00:00:00,2024,10,16,42,4
2024-10-17,2024-10-17 00:00:00,2024,10,17,42,4
2024-10-18,2024-10-18 00:00:00,2024,10,18,42,4
2024-10-19,2024-10-19 00:00:00,2024,10,19,42,4
2024-10-20,2024-10-20 00:00:00,2024,10,20,42,4
2024-10-21,2024-10-21 00:00:00,2024,10,21,43,4
2024-10-22,2024-10-22 00:00:00,2024,10,22,43,4
2024-10-23,2024-10-23 00:00:00,2024,10,23,43,4
2024-10-24,2024-10-24 00:00:00,2024,10,24,43,4
2024-10-25,2024-10-25 00:00:00,2024,10,25,43,4
2024-10-26,2024-10-26 00:00:00,2024,10,26,43,4
2024-10-27,2024-10-27 00:00:00,2024,10,27,43,4
2024-10-28,2024-10-28 00:00:00,2024,10,28,44,4
2024-10-29,2024-10-29 00:00:00,2024,10,29,44,4
2024-10-30,2024-10-30 00:00:00,2024,10,30,44,4
2024-10-31,2024-10-31 00:00:00,2024,10,31,44,4
2024-11-01,2024-11-01 00:00:00,2024,11,1,44,4
2024-11-02,2024-11-02 00:00:00,2024,11,2,44,4
2024-11-03,2024-11-03 00:00:00,2024,11,3,44,4
2024-11-04,2024-11-04 00:00:00,2024,11,4,45,4
2024-11-05,2024-11-05 00:00:00,2024,11,5,45,4
2024-11-06,2024-11-06 00:00:00,2024,11,6,45,4
2024-11-07,2024-11-07 00:00:00,2024,11,7,45,4
2024-11-08,2024-11-08 00:00:00,2024,11,8,45,4
2024-11-09,2024-11-09 00:00:00,2024,11,9,45,4
2024-11-10,2024-11-10 00:00:00,2024,11,10,45,4
2024-11-11,2024-11-11 00:00:00,2024,11,11,46,4
2024-11-12,2024-11-12 00:00:00,2024,11,12,46,4
2024-11-13,2024-11-13 00:00:00,2024,11,13,46,4
2024-11-14,2024-11-14 00:00:00,2024,11,14,46,4
2024-11-15,2024-11-15 00:00:00,2024,11,15,46,4
2024-11-16,2024-11-16 00:00:00,2024,11,16,46,4
2024-11-17,2024-11-17 00:00:00,2024,11,17,46,4
2024-11-18,2024-11-18 00:00:00,2024,11,18,47,4
2024-11-19,2024-11-19 00:00:00,2024,11,19,47,4
2024-11-20,2024-11-20 00:00:00,2024,11,20,47,4
2024-11-21,2024-11-21 00:00:00,2024,11,21,47,4
2024-11-22,2024-11-22 00:00:00,2024,11,22,47,4
2024-11-23,2024-11-23 00:00:00,2024,11,23,47,4
2024-11-24,2024-11-24 00:00:00,2024,11,24,47,4
2024-11-25,2024-11-25 00:00:00,2024,11,25,48,4
2024-11-26,2024-11-26 00:00:00,2024,11,26,48,4
2024-11-27,2024-11-27 00:00:00,2024,11,27,48,4
2024-11-28,2024-11-28 00:00:00,2024,11,28,48,4
2024-11-29,2024-11-29 00:00:00,2024,11,29,48,4
2024-11-30,2024-11-30 00:00:00,2024,11,30,48,4
2024-12-01,2024-12-01 00:00:00,2024,12,1,48,4
2024-12-02,2024-12-02 00:00:00,2024,12,2,49,4
2024-12-03,2024-12-03 00:00:00,2024,12,3,49,4
2024-12-04,2024-12-04 00:00:00,2024,12,4,49,4
2024-12-05,2024-12-05 00:00:00,2024,12,5,49,4
2024-12-06,2024-12-06 00:00:00,2024,12,6,49,4
2024-12-07,2024-12-07 00:00:00,2024,12,7,49,4
2024-12-08,2024-12-08 00:00:00,2024,12,8,49,4
2024-12-09,2024-12-09 00:00:00,2024,12,9,50,4
2024-12-10,2024-12-10 00:00:00,2024,12,10,50,4
2024-12-11,2024-12-11 00:00:00,2024,12,11,50,4
2024-12-12,2024-12-12 00:00:00,2024,12,12,50,4
2024-12-13,2024-12-13 00:00:00,2024,12,13,50,4
2024-12-14,2024-12-14 00:00:00,2024,12,14,50,4
2024-12-15,2024-12-15 00:00:00,2024,12,15,50,4
2024-12-16,2024-12-16 00:00:00,2024,12,16,51,4
2024-12-17,2024-12-17 00:00:00,2024,12,17,51,4
2024-12-18,2024-12-18 00:00:00,2024,12,18,51,4
2024-12-19,2024-12-19 00:00:00,2024,12,19,51,4
2024-12-20,2024-12-20 00:00:00,2024,12,20,51,4
2024-12-21,2024-12-21 00:00:00,2024,12,21,51,4
2024-12-22,2024-12-22 00:00:00,2024,12,22,51,4
2024-12-23,2024-12-23 00:00:00,2024,12,23,52,4
2024-12-24,2024-12-24 00:00:00,2024,12,24,52,4
2024-12-25,2024-12-25 00:00:00,2024,12,25,52,4
2024-12-26,2024-12-26 00:00:00,2024,12,26,52,4
2024-12-27,2024-12-27 00:00:00,2024,12,27,52,4
2024-12-28,2024-12-28 00:00:00,2024,12,28,52,4
2024-12-29,2024-12-29 00:00:00,2024,12,29,52,4
2024-12-30,2024-12-30 00:00:00,2024,12,30,1,4
2024-12-31,2024-12-31 00:00:00,2024,12,31,1,4
2025-01-01,2025-01-01 00:00:00,2025,1,1,1,1
2025-01-02,2025-01-02 00:00:00,2025,1,2,1,1
2025-01-03,2025-01-03 00:00:00,2025,1,3,1,1
2025-01-04,2025-01-04 00:00:00,2025,1,4,1,1
2025-01-05,2025-01-05 00:00:00,2025,1,5,1,1
2025-01-06,2025-01-06 00:00:00,2025,1,6,2,1
2025-01-07,2025-01-07 00:00:00,2025,1,7,2,1
2025-01-08,2025-01-08 00:00:00,2025,1,8,2,1
2025-01-09,2025-01-09 00:00:00,2025,1,9,2,1
2025-01-10,2025-01-10 00:00:00,2025,1,10,2,1
2025-01-11,2025-01-11 00:00:00,2025,1,11,2,1
2025-01-12,2025-01-12 00:00:00,2025,1,12,2,1
2025-01-13,2025-01-13 00:00:00,2025,1,13,3,1
2025-01-14,2025-01-14 00:00:00,2025,1,14,3,1
2025-01-15,2025-01-15 00:00:00,2025,1,15,3,1
2025-01-16,2025-01-16 00:00:00,2025,1,16,3,1
2025-01-17,2025-01-17 00:00:00,2025,1,17,3,1
2025-01-18,2025-01-18 00:00:00,2025,1,18,3,1
2025-01-19,2025-01-19 00:00:00,2025,1,19,3,1
2025-01-20,2025-01-20 00:00:00,2025,1,20,4,1
2025-01-21,2025-01-21 00:00:00,2025,1,21,4,1
2025-01-22,2025-01-22 00:00:00,2025,1,22,4,1
2025-01-23,2025-01-23 00:00:00,2025,1,23,4,1
2025-01-24,2025-01-24 00:00:00,2025,1,24,4,1
2025-01-25,2025-01-25 00:00:00,2025,1,25,4,1
2025-01-26,2025-01-26 00:00:00,2025,1,26,4,1
2025-01-27,2025-01-27 00:00:00,2025,1,27,5,1
2025-01-28,2025-01-28 00:00:00,2025,1,28,5,1
2025-01-29,2025-01-29 00:00:00,2025,1,29,5,1
2025-01-30,2025-01-30 00:00:00,2025,1,30,5,1
2025-01-31,2025-01-31 00:00:00,2025,1,31,5,1
2025-02-01,2025-02-01 00:00:00,2025,2,1,5,1
2025-02-02,2025-02-02 00:00:00,2025,2,2,5,1
2025-02-03,2025-02-03 00:00:00,2025,2,3,6,1
2025-02-04,2025-02-04 00:00:00,2025,2,4,6,1
2025-02-05,2025-02-05 00:00:00,2025,2,5,6,1
2025-02-06,2025-02-06 00:00:00,2025,2,6,6,1
2025-02-07,2025-02-07 00:00:00,2025,2,7,6,1
2025-02-08,2025-02-08 00:00:00,2025,2,8,6,1
2025-02-09,2025-02-09 00:00:00,2025,2,9,6,1
2025-02-10,2025-02-10 00:00:00,2025,2,10,7,1
2025-02-11,2025-02-11 00:00:00,2025,2,11,7,1
2025-02-12,2025-02-12 00:00:00,2025,2,12,7,1
2025-02-13,2025-02-13 00:00:00,2025,2,13,7,1
2025-02-14,2025-02-14 00:00:00,2025,2,14,7,1
2025-02-15,2025-02-15 00:00:00,2025,2,15,7,1
2025-02-16,2025-02-16 00:00:00,2025,2,16,7,1
2025-02-17,2025-02-17 00:00:00,2025,2,17,8,1
2025-02-18,2025-02-18 00:00:00,2025,2,18,8,1
2025-02-19,2025-02-19 00:00:00,2025,2,19,8,1
2025-02-20,2025-02-20 00:00:00,2025,2,20,8,1
2025-02-21,2025-02-21 00:00:00,2025,2,21,8,1
2025-02-22,2025-02-22 00:00:00,2025,2,22,8,1
2025-02-23,2025-02-23 00:00:00,2025,2,23,8,1
2025-02-24,2025-02-24 00:00:00,2025,2,24,9,1
2025-02-25,2025-02-25 00:00:00,2025,2,25,9,1
2025-02-26,2025-02-26 00:00:00,2025,2,26,9,1
2025-02-27,2025-02-27 00:00:00,2025,2,27,9,1
2025-02-28,2025-02-28 00:00:00,2025,2,28,9,1
2025-03-01,2025-03-01 00:00:00,2025,3,1,9,1
2025-03-02,2025-03-02 00:00:00,2025,3,2,9,1
2025-03-03,2025-03-03 00:00:00,2025,3,3,10,1
2025-03-04,2025-03-04 00:00:00,2025,3,4,10,1
2025-03-05,2025-03-05 00:00:00,2025,3,5,10,1
2025-03-06,2025-03-06 00:00:00,2025,3,6,10,1
2025-03-07,2025-03-07 00:00:00,2025,3,7,10,1
2025-03-08,2025-03-08 00:00:00,2025,3,8,10,1
2025-03-09,2025-03-09 00:00:00,2025,3,9,10,1
2025-03-10,2025-03-10 00:00:00,2025,3,10,11,1
2025-03-11,2025-03-11 00:00:00,2025,3,11,11,1
2025-03-12,2025-03-12 00:00:00,2025,3,12,11,1
2025-03-13,2025-03-13 00:00:00,2025,3,13,11,1
2025-03-14,2025-03-14 00:00:00,2025,3,14,11,1
2025-03-15,2025-03-15 00:00:00,2025,3,15,11,1
2025-03-16,2025-03-16 00:00:00,2025,3,16,11,1
2025-03-17,2025-03-17 00:00:00,2025,3,17,12,1
2025-03-18,2025-03-18 00:00:00,2025,3,18,12,1
2025-03-19,2025-03-19 00:00:00,2025,3,19,12,1
2025-03-20,2025-03-20 00:00:00,2025,3,20,12,1
2025-03-21,2025-03-21 00:00:00,2025,3,21,12,1
2025-03-22,2025-03-22 00:00:00,2025,3,22,12,1
2025-03-23,2025-03-23 00:00:00,2025,3,23,12,1
2025-03-24,2025-03-24 00:00:00,2025,3,24,13,1
2025-03-25,2025-03-25 00:00:00,2025,3,25,13,1
2025-03-26,2025-03-26 00:00:00,2025,3,26,13,1
2025-03-27,2025-03-27 00:00:00,2025,3,27,13,1
2025-03-28,2025-03-28 00:00:00,2025,3,28,13,1
2025-03-29,2025-03-29 00:00:00,2025,3,29,13,1
2025-03-30,2025-03-30 00:00:00,2025,3,30,13,1
2025-03-31,2025-03-31 00:00:00,2025,3,31,14,1
2025-04-01,2025-04-01 00:00:00,2025,4,1,14,2
2025-04-02,2025-04-02 00:00:00,2025,4,2,14,2
2025-04-03,2025-04-03 00:00:00,2025,4,3,14,2
2025-04-04,2025-04-04 00:00:00,2025,4,4,14,2
2025-04-05,2025-04-05 00:00:00,2025,4,5,14,2
2025-04-06,2025-04-06 00:00:00,2025,4,6,14,2
2025-04-07,2025-04-07 00:00:00,2025,4,7,15,2
2025-04-08,2025-04-08 00:00:00,2025,4,8,15,2
2025-04-09,2025-04-09 00:00:00,2025,4,9,15,2
2025-04-10,2025-04-10 00:00:00,2025,4,10,15,2
2025-04-11,2025-04-11 00:00:00,2025,4,11,15,2
2025-04-12,2025-04-12 00:00:00,2025,4,12,15,2
2025-04-13,2025-04-13 00:00:00,2025,4,13,15,2
2025-04-14,2025-04-14 00:00:00,2025,4,14,16,2
2025-04-15,2025-04-15 00:00:00,2025,4,15,16,2
2025-04-16,2025-04-16 00:00:00,2025,4,16,16,2
2025-04-17,2025-04-17 00:00:00,2025,4,17,16,2
2025-04-18,2025-04-18 00:00:00,2025,4,18,16,2
2025-04-19,2025-04-19 00:00:00,2025,4,19,16,2
2025-04-20,2025-04-20 00:00:00,2025,4,20,16,2
2025-04-21,2025-04-21 00:00:00,2025,4,21,17,2
2025-04-22,2025-04-22 00:00:00,2025,4,22,17,2
2025-04-23,2025-04-23 00:00:00,2025,4,23,17,2
2025-04-24,2025-04-24 00:00:00,2025,4,24,17,2
2025-04-25,2025-04-25 00:00:00,2025,4,25,17,2
2025-04-26,2025-04-26 00:00:00,2025,4,26,17,2
2025-04-27,2025-04-27 00:00:00,2025,4,27,17,2
2025-04-28,2025-04-28 00:00:00,2025,4,28,18,2
2025-04-29,2025-04-29 00:00:00,2025,4,29,18,2
2025-04-30,2025-04-30 00:00:00,2025,4,30,18,2
2025-05-01,2025-05-01 00:00:00,2025,5,1,18,2
2025-05-02,2025-05-02 00:00:00,2025,5,2,18,2
2025-05-03,2025-05-03 00:00:00,2025,5,3,18,2
2025-05-04,2025-05-04 00:00:00,2025,5,4,18,2
2025-05-05,2025-05-05 00:00:00,2025,5,5,19,2
2025-05-06,2025-05-06 00:00:00,2025,5,6,19,2
2025-05-07,2025-05-07 00:00:00,2025,5,7,19,2
2025-05-08,2025-05-08 00:00:00,2025,5,8,19,2
2025-05-09,2025-05-09 00:00:00,2025,5,9,19,2
2025-05-10,2025-05-10 00:00:00,2025,5,10,19,2
2025-05-11,2025-05-11 00:00:00,2025,5,11,19,2
2025-05-12,2025-05-12 00:00:00,2025,5,12,20,2
2025-05-13,2025-05-13 00:00:00,2025,5,13,20,2
2025-05-14,2025-05-14 00:00:00,2025,5,14,20,2
2025-05-15,2025-05-15 00:00:00,2025,5,15,20,2
2025-05-16,2025-05-16 00:00:00,2025,5,16,20,2
2025-05-17,2025-05-17 00:00:00,2025,5,17,20,2
2025-05-18,2025-05-18 00:00:00,2025,5,18,20,2
2025-05-19,2025-05-19 00:00:00,2025,5,19,21,2
2025-05-20,2025-05-20 00:00:00,2025,5,20,21,2
2025-05-21,2025-05-21 00:00:00,2025,5,21,21,2
2025-05-22,2025-05-22 00:00:00,2025,5,22,21,2
2025-05-23,2025-05-23 00:00:00,2025,5,23,21,2
2025-05-24,2025-05-24 00:00:00,2025,5,24,21,2
2025-05-25,2025-05-25 00:00:00,2025,5,25,21,2
2025-05-26,2025-05-26 00:00:00,2025,5,26,22,2
2025-05-27,2025-05-27 00:00:00,2025,5,27,22,2
2025-05-28,2025-05-28 00:00:00,2025,5,28,22,2
2025-05-29,2025-05-29 00:00:00,2025,5,29,22,2
2025-05-30,2025-05-30 00:00:00,2025,5,30,22,2
2025-05-31,2025-05-31 00:00:00,2025,5,31,22,2
2025-06-01,2025-06-01 00:00:00,2025,6,1,22,2
2025-06-02,2025-06-02 00:00:00,2025,6,2,23,2
2025-06-03,2025-06-03 00:00:00,2025,6,3,23,2
2025-06-04,2025-06-04 00:00:00,2025,6,4,23,2
2025-06-05,2025-06-05 00:00:00,2025,6,5,23,2
2025-06-06,2025-06-06 00:00:00,2025,6,6,23,2
2025-06-07,2025-06-07 00:00:00,2025,6,7,23,2
2025-06-08,2025-06-08 00:00:00,2025,6,8,23,2
2025-06-09,2025-06-09 00:00:00,2025,6,9,24,2
2025-06-10,2025-06-10 00:00:00,2025,6,10,24,2
2025-06-11,2025-06-11 00:00:00,2025,6,11,24,2
2025-06-12,2025-06-12 00:00:00,2025,6,12,24,2
2025-06-13,2025-06-13 00:00:00,2025,6,13,24,2
2025-06-14,2025-06-14 00:00:00,2025,6,14,24,2
2025-06-15,2025-06-15 00:00:00,2025,6,15,24,2
2025-06-16,2025-06-16 00:00:00,2025,6,16,25,2
2025-06-17,2025-06-17 00:00:00,2025,6,17,25,2
2025-06-18,2025-06-18 00:00:00,2025,6,18,25,2
2025-06-19,2025-06-19 00:00:00,2025,6,19,25,2
2025-06-20,2025-06-20 00:00:00,2025,6,20,25,2
2025-06-21,2025-06-21 00:00:00,2025,6,21,25,2
2025-06-22,2025-06-22 00:00:00,2025,6,22,25,2
2025-06-23,2025-06-23 00:00:00,2025,6,23,26,2
2025-06-24,2025-06-24 00:00:00,2025,6,24,26,2
2025-06-25,2025-06-25 00:00:00,2025,6,25,26,2
2025-06-26,2025-06-26 00:00:00,2025,6,26,26,2
2025-06-27,2025-06-27 00:00:00,2025,6,27,26,2
2025-06-28,2025-06-28 00:00:00,2025,6,28,26,2
2025-06-29,2025-06-29 00:00:00,2025,6,29,26,2
2025-06-30,2025-06-30 00:00:00,2025,6,30,27,2
2025-07-01,2025-07-01 00:00:00,2025,7,1,27,3
2025-07-02,2025-07-02 00:00:00,2025,7,2,27,3
2025-07-03,2025-07-03 00:00:00,2025,7,3,27,3
2025-07-04,2025-07-04 00:00:00,2025,7,4,27,3
2025-07-05,2025-07-05 00:00:00,2025,7,5,27,3
2025-07-06,2025-07-06 00:00:00,2025,7,6,27,3
2025-07-07,2025-07-07 00:00:00,2025,7,7,28,3
2025-07-08,2025-07-08 00:00:00,2025,7,8,28,3
2025-07-09,2025-07-09 00:00:00,2025,7,9,28,3
2025-07-10,2025-07-10 00:00:00,2025,7,10,28,3
2025-07-11,2025-07-11 00:00:00,2025,7,11,28,3
2025-07-12,2025-07-12 00:00:00,2025,7,12,28,3
2025-07-13,2025-07-13 00:00:00,2025,7,13,28,3
2025-07-14,2025-07-14 00:00:00,2025,7,14,29,3
2025-07-15,2025-07-15 00:00:00,2025,7,15,29,3
2025-07-16,2025-07-16 00:00:00,2025,7,16,29,3
2025-07-17,2025-07-17 00:00:00,2025,7,17,29,3
2025-07-18,2025-07-18 00:00:00,2025,7,18,29,3
2025-07-19,2025-07-19 00:00:00,2025,7,19,29,3
2025-07-20,2025-07-20 00:00:00,2025,7,20,29,3
2025-07-21,2025-07-21 00:00:00,2025,7,21,30,3
2025-07-22,2025-07-22 00:00:00,2025,7,22,30,3
2025-07-23,2025-07-23 00:00:00,2025,7,23,30,3
2025-07-24,2025-07-24 00:00:00,2025,7,24,30,3
2025-07-25,2025-07-25 00:00:00,2025,7,25,30,3
2025-07-26,2025-07-26 00:00:00,2025,7,26,30,3
2025-07-27,2025-07-27 00:00:00,2025,7,27,30,3
2025-07-28,2025-07-28 00:00:00,2025,7,28,31,3
2025-07-29,2025-07-29 00:00:00,2025,7,29,31,3
2025-07-30,2025-07-30 00:00:00,2025,7,30,31,3
2025-07-31,2025-07-31 00:00:00,2025,7,31,31,3
2025-08-01,2025-08-01 00:00:00,2025,8,1,31,3
2025-08-02,2025-08-02 00:00:00,2025,8,2,31,3
2025-08-03,2025-08-03 00:00:00,2025,8,3,31,3
2025-08-04,2025-08-04 00:00:00,2025,8,4,32,3
2025-08-05,2025-08-05 00:00:00,2025,8,5,32,3
2025-08-06,2025-08-06 00:00:00,2025,8,6,32,3
2025-08-07,2025-08-07 00:00:00,2025,8,7,32,3
2025-08-08,2025-08-08 00:00:00,2025,8,8,32,3
2025-08-09,2025-08-09 00:00:00,2025,8,9,32,3
2025-08-10,2025-08-10 00:00:00,2025,8,10,32,3
2025-08-11,2025-08-11 00:00:00,2025,8,11,33,3
2025-08-12,2025-08-12 00:00:00,2025,8,12,33,3
2025-08-13,2025-08-13 00:00:00,2025,8,13,33,3
2025-08-14,2025-08-14 00:00:00,2025,8,14,33,3
2025-08-15,2025-08-15 00:00:00,2025,8,15,33,3
2025-08-16,2025-08-16 00:00:00,2025,8,16,33,3
2025-08-17,2025-08-17 00:00:00,2025,8,17,33,3
2025-08-18,2025-08-18 00:00:00,2025,8,18,34,3
2025-08-19,2025-08-19 00:00:00,2025,8,19,34,3
2025-08-20,2025-08-20 00:00:00,2025,8,20,34,3
2025-08-21,2025-08-21 00:00:00,2025,8,21,34,3
2025-08-22,2025-08-22 00:00:00,2025,8,22,34,3
2025-08-23,2025-08-23 00:00:00,2025,8,23,34,3
2025-08-24,2025-08-24 00:00:00,2025,8,24,34,3
2025-08-25,2025-08-25 00:00:00,2025,8,25,35,3
2025-08-26,2025-08-26 00:00:00,2025,8,26,35,3
2025-08-27,2025-08-27 00:00:00,2025,8,27,35,3
2025-08-28,2025-08-28 00:00:00,2025,8,28,35,3
2025-08-29,2025-08-29 00:00:00,2025,8,29,35,3
2025-08-30,2025-08-30 00:00:00,2025,8,30,35,3
2025-08-31,2025-08-31 00:00:00,2025,8,31,35,3
2025-09-01,2025-09-01 00:00:00,2025,9,1,36,3
2025-09-02,2025-09-02 00:00:00,2025,9,2,36,3
2025-09-03,2025-09-03 00:00:00,2025,9,3,36,3
2025-09-04,2025-09-04 00:00:00,2025,9,4,36,3
2025-09-05,2025-09-05 00:00:00,2025,9,5,36,3
2025-09-06,2025-09-06 00:00:00,2025,9,6,36,3
2025-09-07,2025-09-07 00:00:00,2025,9,7,36,3
2025-09-08,2025-09-08 00:00:00,2025,9,8,37,3
2025-09-09,2025-09-09 00:00:00,2025,9,9,37,3
2025-09-10,2025-09-10 00:00:00,2025,9,10,37,3
2025-09-11,2025-09-11 00:00:00,2025,9,11,37,3
2025-09-12,2025-09-12 00:00:00,2025,9,12,37,3
2025-09-13,2025-09-13 00:00:00,2025,9,13,37,3
2025-09-14,2025-09-14 00:00:00,2025,9,14,37,3
2025-09-15,2025-09-15 00:00:00,2025,9,15,38,3
2025-09-16,2025-09-16 00:00:00,2025,9,16,38,3
2025-09-17,2025-09-17 00:00:00,2025,9,17,38,3
2025-09-18,2025-09-18 00:00:00,2025,9,18,38,3
2025-09-19,2025-09-19 00:00:00,2025,9,19,38,3
2025-09-20,2025-09-20 00:00:00,2025,9,20,38,3
2025-09-21,2025-09-21 00:00:00,2025,9,21,38,3
2025-09-22,2025-09-22 00:00:00,2025,9,22,39,3
2025-09-23,2025-09-23 00:00:00,2025,9,23,39,3
2025-09-24,2025-09-24 00:00:00,2025,9,24,39,3
2025-09-25,2025-09-25 00:00:00,2025,9,25,39,3
2025-09-26,2025-09-26 00:00:00,2025,9,26,39,3
2025-09-27,2025-09-27 00:00:00,2025,9,27,39,3
2025-09-28,2025-09-28 00:00:00,2025,9,28,39,3
2025-09-29,2025-09-29 00:00:00,2025,9,29,40,3
2025-09-30,2025-09-30 00:00:00,2025,9,30,40,3
2025-10-01,2025-10-01 00:00:00,2025,10,1,40,4
